id,url
TEH-0001,https://mitehuacan.mx/qr/TEH-0001
TEH-0002,https://mitehuacan.mx/qr/TEH-0002
TEH-0003,https://mitehuacan.mx/qr/TEH-0003
TEH-0004,https://mitehuacan.mx/qr/TEH-0004
TEH-0005,https://mitehuacan.mx/qr/TEH-0005
TEH-0006,https://mitehuacan.mx/qr/TEH-0006
TEH-0007,https://mitehuacan.mx/qr/TEH-0007
TEH-0008,https://mitehuacan.mx/qr/TEH-0008
TEH-0009,https://mitehuacan.mx/qr/TEH-0009
TEH-0010,https://mitehuacan.mx/qr/TEH-0010
TEH-0011,https://mitehuacan.mx/qr/TEH-0011
TEH-0012,https://mitehuacan.mx/qr/TEH-0012
TEH-0013,https://mitehuacan.mx/qr/TEH-0013
TEH-0014,https://mitehuacan.mx/qr/TEH-0014
TEH-0015,https://mitehuacan.mx/qr/TEH-0015
TEH-0016,https://mitehuacan.mx/qr/TEH-0016
TEH-0017,https://mitehuacan.mx/qr/TEH-0017
TEH-0018,https://mitehuacan.mx/qr/TEH-0018
